schoolName,longitude,latitude
Abilene Christian University,-99.70809799999999,32.469732
Adams State University,-105.8806504,37.4746242
Adelphi University,-73.6522652,40.7202125
Adrian College,-84.05917389999999,41.8985832
Adventist University of Health Sciences,-81.3675993,28.576276
AIB College of Business,-93.64558339999999,41.5619576
Alabama A & M University,-86.572031,34.7846326
Alabama State University,-86.2940544,32.3636619
Albany College of Pharmacy and Health Sciences,-73.7786,42.6519829
Albany State University,-84.1404238,31.5690317
Albertus Magnus College,-72.9226957,41.3316093
Albion College,-84.7451775,42.2440064
Albright College,-75.910629,40.3615027
Alcorn State University,-91.13729239999999,31.8742035
Alderson Broaddus University,-80.0486604,39.1583178
Alfred University,-77.7862799,42.2554523
Allegheny College,-80.1451479,41.6492142
Alma College,-84.6728043,43.3807565
Alvernia University,-75.931668,40.3112017
Alverno College,-87.9636173,42.9835246
American International College,-72.557144,42.112853
American University,-77.08880289999999,38.9374948
Amherst College,-72.5170028,42.3709104
Anderson University,-85.6650798,40.1114679
Andrews University,-86.35946609999999,41.9646127
Angelo State University,-100.4602762,31.4382686
Anna Maria College,-71.91794399999999,42.327075
Appalachian State University,-81.6841448,36.2134842
Aquinas College,-85.6285917,42.96032779999999
Arcadia University,-75.1648845,40.0914406
Arizona State University-Downtown Phoenix,-112.0731218,33.4535385
Arizona State University-Polytechnic,-111.6797578,33.3072131
Arizona State University-Tempe,-111.9280527,33.4242399
Arizona State University-West,-112.1598496,33.6075228
Arkansas State University-Main Campus,-90.67485889999999,35.8430861
Arkansas Tech University,-93.1362663,35.2944535
Armstrong Atlantic State University,-81.1623462,31.978441
Art Center College of Design,-118.1851569,34.1688713
Asbury University,-84.665579,37.8646248
Ashland University,-82.32305099999999,40.8619296
Assumption College,-71.82970519999999,42.2938564
Auburn University,-85.4951663,32.5933574
Auburn University at Montgomery,-86.1766584,32.3697457
Augsburg College,-93.2401366,44.9663002
Augustana College,-90.55070979999999,41.5051053
Aurora University,-88.34963959999999,41.7545293
Austin College,-96.594854,33.64626
Austin Peay State University,-87.3548855,36.53498
Avila University,-94.59146989999999,38.9123643
Azusa Pacific University,-117.8883593,34.1300755
Babson College,-71.2657077,42.2964421
Baker University,-95.1880247,38.7780272
Baldwin Wallace University,-81.8478088,41.37111650000001
Ball State University,-85.40698599999999,40.2061028
Baptist Memorial College of Health Sciences,-90.0276951,35.1389074
Bard College,-73.91005439999999,42.0203897
Barnard College,-73.9639632,40.8090974
Barry University,-80.1983655,25.8788664
Barton College,-77.91629259999999,35.7351056
Bates College,-70.2021865,44.1057216
Bay Path College,-72.5825941,42.0558784
Bayamon Central University,-66.1804981,18.4012847
Baylor University,-97.1143046,31.5497007
Becker College,-71.81191799999999,42.2670243
Belhaven University,-90.16904889999999,32.319974
Bellarmine University,-85.7046817,38.2184666
Belmont Abbey College,-81.0431492,35.2621669
Belmont University,-86.7940699,36.1328981
Beloit College,-89.0309048,42.5030333
Bemidji State University,-94.8746225,47.4863568
Benedictine College,-95.1113744,39.5731522
Benedictine University,-88.0957665,41.7784366
Bentley University,-71.2203176,42.3867756
Berea College,-84.2932355,37.5695232
Berklee College of Music,-71.0895292,42.3465952
Berry College,-85.189199,34.290361
Bethel College-Indiana,-86.196199,41.678297
Bethel University,-93.1611157,45.05876420000001
Bethune-Cookman University,-81.03157499999999,29.2110102
Biola University,-118.0151797,33.9054476
Birmingham Southern College,-86.8510103,33.5159411
Black Hills State University,-103.8712643,44.4965054
Bloomfield College,-74.1955536,40.7946347
Bloomsburg University of Pennsylvania,-76.4472749,41.0081119
Bluefield State College,-81.2374456,37.2672311
Boise State University,-116.2014604,43.6026952
Boston College,-71.16849450000001,42.3355488
Boston University,-71.1053991,42.3504997
Bowdoin College,-69.9639971,43.9076929
Bowie State University,-76.7594029,39.0192918
Bowling Green State University-Main Campus,-83.6300826,41.3797788
Bradley University,-89.6153484,40.6977743
Brandeis University,-71.2587009,42.3654796
Brenau University,-83.82046419999999,34.3043549
Bridgewater College,-78.969386,38.378879
Bridgewater State University,-70.96654989999999,41.987662
Brigham Young University-Hawaii,-157.9253122,21.6421732
Brigham Young University-Idaho,-111.7814889,43.8173656
Brigham Young University-Provo,-111.6493156,40.2518435
Brown University,-71.4025482,41.8267718
Bryan College-Dayton,-84.9987972,35.4984238
Bryant University,-71.5379512,41.92110479999999
Bryn Mawr College,-75.3152341,40.0281065
Bucknell University,-76.885076,40.9547721
Buena Vista University,-95.20981220000002,42.6410826
Buffalo State SUNY,-78.8805479,42.9336263
Butler University,-86.17119079999999,39.8411235
Cabrini College,-75.3740633,40.0553552
Caldwell College,-74.2719702,40.8339629
California Baptist University,-117.4255589,33.9284053
California College of the Arts,-122.2502897,37.8362513
California Lutheran University,-118.8788537,34.2250167
California Maritime Academy,-122.2302775,38.0691862
California Polytechnic State University-San Luis Obispo,-120.6624942,35.3050053
California State Polytechnic University-Pomona,-117.820741,34.0575652
California State University-Bakersfield,-119.1029544,35.3491173
California State University-Channel Islands,-119.0434218,34.1620531
California State University-Chico,-121.8473287,39.729575
California State University-Dominguez Hills,-118.2552809,33.8633706
California State University-East Bay,-122.057391,37.6571305
California State University-Fresno,-119.7457805,36.8124451
California State University-Fullerton,-117.8869261,33.8829226
California State University-Long Beach,-118.1140904,33.7838235
California State University-Los Angeles,-118.1684392,34.0667698
California State University-Monterey Bay,-121.7977985,36.6516548
California State University-Northridge,-118.5276745,34.2410366
California State University-Sacramento,-121.4240519,38.5612918
California State University-San Bernardino,-117.3235324,34.1821786
California State University-San Marcos,-117.1591368,33.1291944
California State University-Stanislaus,-120.8553969,37.5257218
California University of Pennsylvania,-79.8842797,40.06411019999999
Calvin College,-85.5892841,42.9298698
Campbell University,-78.7394405,35.4083451
Campbellsville University,-85.3494324,37.3430956
Canisius College,-78.8514848,42.9248338
Capital University,-82.938559,39.9549246
Cardinal Stritch University,-87.9085626,43.1400859
Carleton College,-93.1558264,44.4613654
Carlow University,-79.96391450000002,40.4394832
Carnegie Mellon University,-79.94301279999999,40.4428081
Carroll College,-112.03888,46.600734
Carroll University,-88.22848150000002,43.004312
Carson-Newman University,-83.48990549999999,36.1215905
Carthage College,-87.8198185,42.62381329999999
Case Western Reserve University,-81.6083838,41.5043413
Castleton State College,-73.1802563,43.6077824
Catawba College,-80.4824479,35.6913701
Catholic University of America,-76.99869199999999,38.9368811
Cazenovia College,-75.8541481,42.9320977
Cedar Crest College,-75.5196631,40.5859377
Cedarville University,-83.8129391,39.7496476
Centenary College,-93.73215560000001,32.4847432
Central College,-92.91966699999999,41.400595
Central Connecticut State University,-72.764167,41.693255
Central Methodist University-College of Liberal Arts and Sciences,-92.6839663,39.1514905
Central Michigan University,-84.7756364,43.5819086
Central State University,-83.8772323,39.7163802
Central Washington University,-120.5357265,47.0068755
Centre College,-84.7815059,37.6456916
Chaminade University of Honolulu,-157.8073979,21.2905834
Champlain College,-73.2041352,44.4731165
Chapman University,-117.8513503,33.7933476
Charleston Southern University,-80.07065539999999,32.9821829
Chestnut Hill College,-75.2289686,40.0852572
Chicago State University,-87.6093736,41.7179575
Chowan University,-77.09697589999999,36.4354563
Christian Brothers University,-89.9810643,35.1285367
Christopher Newport University,-76.4944131,37.064674
Citadel Military College of South Carolina,-79.9606739,32.797075
Claflin University,-80.85322510000002,33.4988288
Claremont McKenna College,-117.7079219,34.10177669999999
Clarion University of Pennsylvania,-79.3787136,41.2089191
Clark Atlanta University,-84.4112315,33.7515658
Clark University,-71.8234038,42.2520314
Clarkson University,-74.998544,44.66376109999999
Clayton State University,-84.3296199,33.594355
Clemson University,-82.8366374,34.6761105
Cleveland State University,-81.6747185,41.50249729999999
Coastal Carolina University,-79.01173,33.7949658
Coe College,-91.6591287,41.9884283
Coker College,-80.0704915,34.3765882
Colby College,-69.6626362,44.5638691
Colby-Sawyer College,-71.978033,43.412062
Colgate University,-75.53943799999999,42.8164607
College for Creative Studies,-83.0627864,42.3613975
College of Charleston,-79.93708869999999,32.7841884
College of Mount Saint Vincent,-73.9030113,40.9124186
College of Mount St Joseph,-84.6378845,39.0951636
College of Our Lady of the Elms,-72.6016769,42.1422257
College of Saint Benedict,-94.39428819999999,45.5813035
College of Staten Island CUNY,-74.14969839999999,40.6016362
College of the Holy Cross,-71.8079608,42.2392391
College of the Ozarks,-93.23937889999999,36.6163199
College of William and Mary,-76.71337799999999,37.271674
Colorado Christian University,-105.0945084,39.7125682
Colorado College,-104.824394,38.846594
Colorado Mesa University,-108.5543371,39.0808594
Colorado School of Mines,-105.2225705,39.7510136
Colorado State University-Fort Collins,-105.0865473,40.573436
Colorado State University-Pueblo,-104.5760394,38.30854
Columbia College-Chicago,-87.62483379999999,41.8742327
Columbia University in the City of New York,-73.9625727,40.8075355
Columbus College of Art and Design,-82.990025,39.964885
Columbus State University,-84.941446,32.5023087
Concord University,-81.00604899999999,37.42475750000001
Concordia College at Moorhead,-96.7700579,46.8628042
Concordia University-Chicago,-87.8095357,41.8997104
Concordia University-Irvine,-117.8109393,33.653585
Concordia University-Nebraska,-97.0896219,40.91437120000001
Concordia University-Portland,-122.6366533,45.5698823
Concordia University-Saint Paul,-93.1565816,44.9490553
Concordia University-Texas,-97.8362821,30.4209405
Concordia University-Wisconsin,-87.915531,43.2541994
Connecticut College,-72.104025,41.3788405
Coppin State University,-76.65790559999999,39.3126142
Cornell College,-91.4253502,41.92695459999999
Cornell University,-76.4735027,42.4534492
Cornerstone University,-85.59586879999999,42.98105959999999
Covenant College,-85.3751114,34.9646194
Creighton University,-95.94719189999999,41.2653105
Crown College,-93.74328299999999,44.885679
Cumberland University,-86.2987567,36.2046241
CUNY Bernard M Baruch College,-73.9831567,40.7404873
CUNY Brooklyn College,-73.9522653,40.6312576
CUNY City College,-73.9492724,40.8200471
CUNY Hunter College,-73.9644936,40.7682912
CUNY John Jay College of Criminal Justice,-73.9884684,40.7704272
CUNY Lehman College,-73.8941395,40.87331830000001
CUNY Queens College,-73.8160795,40.7362341
CUNY York College,-73.7961018,40.7010295
Curry College,-71.1111665,42.2353087
Daemen College,-78.78843839999999,42.9648902
Dakota State University,-97.1117383,44.0124808
Dallas Baptist University,-96.9469709,32.7092292
Dartmouth College,-72.2886935,43.7044406
Davenport University,-85.530676,42.84939199999999
Davidson College,-80.8446725,35.5008018
Delaware State University,-75.5422735,39.1861372
Delaware Valley College,-75.15994289999999,40.2982282
Delta State University,-90.7354508,33.7453784
Denison University,-82.52290479999999,40.0734008
DePaul University,-87.6272177,41.8775722
DePauw University,-86.86289459999999,39.6393943
DeSales University,-75.3792986,40.5387807
Dickinson College,-77.197232,40.2027214
Dickinson State University,-102.8003875,46.8825426
Dillard University,-90.0662662,29.9966395
Doane College-Crete,-96.95096699999999,40.622954
Dominican College of Blauvelt,-73.9505947,41.0471959
Dominican University,-87.8220588,41.9024125
Dominican University of California,-122.5122844,37.9799909
Dordt College,-96.16636079999999,43.0824829
Dowling College,-73.1481218,40.7422255
Drake University,-93.65529839999999,41.6029128
Drew University,-74.4247985,40.7644676
Drexel University,-75.18994409999999,39.9566127
Drury University,-93.2856671,37.2205818
Duke University,-78.9382286,36.0014258
Duquesne University,-79.99058629999999,40.4374516
D'Youville College,-78.89082669999999,42.9025804
Earlham College,-84.913241,39.823941
East Carolina University,-77.3645653,35.6055108
East Central University,-96.66077279999999,34.7733388
East Stroudsburg University of Pennsylvania,-75.172533,40.9970909
East Tennessee State University,-82.3701933,36.3025374
East Texas Baptist University,-94.3734369,32.5558104
Eastern Connecticut State University,-72.2177529,41.721443
Eastern Illinois University,-88.17515069999999,39.4836717
Eastern Kentucky University,-84.298672,37.7353214
Eastern Mennonite University,-78.87739719999999,38.4726203
Eastern Michigan University,-83.624089,42.2506803
Eastern New Mexico University-Main Campus,-103.3484264,34.1777872
Eastern Oregon University,-118.0913683,45.3211449
Eastern University,-75.3704606,40.0517099
Eastern Washington University,-117.5860889,47.49059279999999
Eckerd College,-82.68816,27.715886
Edgewood College,-89.423378,43.060689
Edinboro University of Pennsylvania,-80.12080279999999,41.871572
Elizabeth City State University,-76.2139598,36.281065
Elizabethtown College,-76.589792,40.1503251
Elmhurst College,-87.945605,41.895871
Elmira College,-76.81537050000001,42.0967817
Elon University,-79.50235669999999,36.1027527
Embry-Riddle Aeronautical University-Daytona Beach,-81.0499134,29.1914551
Embry-Riddle Aeronautical University-Prescott,-112.4507711,34.6161042
Embry-Riddle Aeronautical University-Worldwide,-88.9708421,42.2686382
Emerson College,-71.0657944,42.3522392
Emmanuel College,-71.1022899,42.3410214
Emory University,-84.32399889999999,33.7925195
Emporia State University,-96.1792074,38.4163415
Endicott College,-70.8408093,42.5531918
Evangel University,-93.2623428,37.2209133
Everglades University,-80.106239,26.3917512
Fairfield University,-73.2573625,41.1587639
Fairleigh Dickinson University-College at Florham,-74.4321199,40.7761931
Fairleigh Dickinson University-Metropolitan Campus,-74.029816,40.8975036
Fairmont State University,-80.1630335,39.4857867
Farmingdale State College,-73.4267093,40.7529512
Fayetteville State University,-78.8924896,35.0742206
Felician College,-74.11211589999999,40.8304574
Ferris State University,-85.4841782,43.6834099
Ferrum College,-80.0206987,36.9264771
Fitchburg State University,-71.7889139,42.5900165
Flagler College-St Augustine,-81.3148867,29.8927054
Florida Agricultural and Mechanical University,-84.28772769999999,30.4263876
Florida Atlantic University,-80.10106329999999,26.3749876
Florida Gulf Coast University,-81.7733903,26.4643209
Florida Institute of Technology,-80.62302199999999,28.0646888
Florida International University,-80.3757191,25.7563028
Florida Memorial University,-80.2706879,25.917735
Florida Southern College,-81.94503979999999,28.0314378
Florida State University,-84.2984889,30.4418778
Fontbonne University,-90.315891,38.641545
Fordham University,-73.88569869999999,40.8620404
Fort Hays State University,-99.3444887,38.8714463
Fort Lewis College,-107.8710381,37.2737453
Fort Valley State University,-83.8962511,32.5360371
Framingham State University,-71.4370921,42.2979971
Francis Marion University,-79.6519849,34.1904251
Franciscan University of Steubenville,-80.6244016,40.3772094
Franklin and Marshall College,-76.3201101,40.0482454
Franklin Pierce University,-72.0560856,42.7793667
Freed-Hardeman University,-88.6361646,35.4384625
Fresno Pacific University,-119.7341819,36.7268898
Friends University,-97.36608679999999,37.6780284
Frostburg State University,-78.9341855,39.6501666
Furman University,-82.44007239999999,34.9260157
Gallaudet University,-76.99238749999999,38.908422
Gannon University,-80.0865882,42.1282445
Gardner-Webb University,-81.6706979,35.2475249
Geneva College,-80.3218472,40.7713156
George Fox University,-122.9667381,45.3033817
George Mason University,-77.3114889,38.8314936
George Washington University,-77.0485992,38.8997145
Georgetown College,-84.5543228,38.2070067
Georgetown University,-77.07225849999999,38.9076089
Georgia College and State University,-83.2318054,33.0798884
Georgia Institute of Technology-Main Campus,-84.39628499999999,33.7756178
Georgia Regents University,-81.9899367,33.4712295
Georgia Southern University,-81.78653469999999,32.42054890000001
Georgia Southwestern State University,-84.21750809999999,32.0560379
Georgia State University,-84.38528190000001,33.753068
Georgian Court University,-74.226609,40.0988128
Gettysburg College,-77.2356339,39.8356944
Glenville State College,-80.83322199999999,38.9348779
Gonzaga University,-117.4015208,47.66644729999999
Gordon College,-70.8209286,42.5893751
Goucher College,-76.59654499999999,39.408765
Grace College and Theological Seminary,-85.81587189999999,41.2259141
Graceland University-Lamoni,-93.92563799999999,40.616346
Grambling State University,-92.71929569999999,32.5212912
Grand Valley State University,-85.8889489,42.9639298
Grand View University,-93.600298,41.6207345
Greenville College,-89.40843339999999,38.894586
Grinnell College,-92.7201302,41.74905709999999
Guilford College,-79.88873989999999,36.0917988
Gustavus Adolphus College,-93.9687771,44.3221619
Gwynedd Mercy University,-75.23733399999999,40.196788
Hamilton College,-75.4057949,43.0524261
Hamline University,-93.1645547,44.9650603
Hampden-Sydney College,-78.46102979999999,37.2403758
Hampshire College,-72.5314323,42.3258413
Hampton University,-76.3343603,37.0228392
Hanover College,-85.4623681,38.7192502
Harding University,-91.7235465,35.245152
Hardin-Simmons University,-99.7343446,32.4777566
Hartwick College,-75.0718461,42.4586674
Harvard University,-71.11666009999999,42.3770029
Hastings College,-98.3732874,40.5904193
Haverford College,-75.305656,40.0093478
Hawaii Pacific University,-157.8607075,21.3102505
Henderson State University,-93.05912339999999,34.1308101
Hendrix College,-92.4420118,35.1000469
High Point University,-79.9956452,35.9722284
Hiram College,-81.1439525,41.3107322
Hobart William Smith Colleges,-76.9852164,42.8581166
Hodges University,-81.739147,26.2760546
Hofstra University,-73.5994041,40.716792
Holy Family University,-74.9873319,40.0609234
Hood College,-77.4202024,39.4213829
Hope College,-86.1023574,42.7871797
Houghton College,-78.1558062,42.42681839999999
Houston Baptist University,-95.51533219999999,29.6952888
Howard Payne University,-98.9874677,31.716184
Howard University,-77.0194377,38.9226843
Humboldt State University,-124.077821,40.8752748
Huntingdon College,-86.2862907,32.3506065
Huntington University,-85.49962909999999,40.8988364
Husson University,-68.7936927,44.8277943
Illinois Institute of Technology,-87.6270059,41.8348731
Illinois State University,-88.9946702,40.5122833
Illinois Wesleyan University,-88.9906541,40.4908892
Immaculata University,-75.5705399,40.0279142
Indiana Institute of Technology,-85.116851,41.077818
Indiana State University,-87.4082349,39.4711089
Indiana University of Pennsylvania-Main Campus,-79.16146690000001,40.6140124
Indiana University-Bloomington,-86.512627,39.1754487
Indiana University-East,-84.88088309999999,39.8683383
Indiana University-Kokomo,-86.13144360000001,40.4596897
Indiana University-Northwest,-87.3375312,41.5568315
Indiana University-Purdue University-Fort Wayne,-85.1077816,41.1173345
Indiana University-Purdue University-Indianapolis,-86.1763393,39.7738832
Indiana University-South Bend,-86.2197175,41.6621383
Indiana University-Southeast,-85.8196904,38.3448964
Indiana Wesleyan University,-85.6626617,40.5187313
Inter American University of Puerto Rico-Aguadilla,-67.1225592,18.4683473
Inter American University of Puerto Rico-Arecibo,-66.75943819999999,18.4757179
Inter American University of Puerto Rico-Barranquitas,-66.3030716,18.1826497
Inter American University of Puerto Rico-Bayamon,-66.18266249999999,18.3502697
Inter American University of Puerto Rico-Fajardo,-65.6491434,18.3276724
Inter American University of Puerto Rico-Guayama,-66.1081585,17.966286
Inter American University of Puerto Rico-Metro,-66.0779572,18.3691681
Inter American University of Puerto Rico-Ponce,-66.5782021,18.0089787
Inter American University of Puerto Rico-San German,-67.051542,18.0833637
Iona College,-73.78644349999999,40.9271278
Iowa State University,-93.6464654,42.0266187
Ithaca College,-76.498564,42.421658
Jackson State University,-90.2063965,32.2968847
Jacksonville State University,-85.7681082,33.8230593
Jacksonville University,-81.6066798,30.3530584
James Madison University,-78.8697548,38.435092
John Brown University,-94.5594091,36.190767
John Carroll University,-81.5293126,41.4905062
Johns Hopkins University,-76.6205177,39.3299013
Johnson & Wales University-North Miami,-80.1647017,25.8938366
Johnson & Wales University-Providence,-71.4130131,41.8198
Johnson C Smith University,-80.85621239999999,35.2427192
Johnson State College,-72.67166449999999,44.6409962
Judson University,-88.2901505,42.0598247
Juniata College,-78.0167998,40.499972
Kalamazoo College,-85.598145,42.290035
Kansas State University,-96.5847249,39.1974437
Kean University,-74.2342865,40.678071
Keene State College,-72.2803536,42.9254972
Kennesaw State University,-84.5815717,34.0380784
Kent State University at Kent,-81.34146489999999,41.1490629
Kentucky State University,-84.8558314,38.20025770000001
Kenyon College,-82.39830789999999,40.3718965
Kettering University,-83.7138531,43.0115468
Keuka College,-77.09054139999999,42.6151505
Keystone College,-75.7774203,41.5590236
King University,-82.1591181,36.5869627
King's College,-75.879933,41.2502545
Knox College,-90.3718673,40.9418892
Kutztown University of Pennsylvania,-75.7834225,40.5100878
La Roche College,-80.0143279,40.5683978
La Salle University,-75.15663219999999,40.0387561
La Sierra University,-117.499085,33.9112212
Lafayette College,-75.2087298,40.6986202
Lake Forest College,-87.8287038,42.25018480000001
Lake Superior State University,-84.36387739999999,46.491793
Lakeland College,-88.380659,39.4168843
Lamar University,-94.0752411,30.0401485
Lancaster Bible College,-76.288094,40.073488
Lander University,-82.165036,34.2002826
Lane College,-88.80611329999999,35.62777500000001
Lasell College,-71.2446266,42.3432053
Lawrence Technological University,-83.24979669999999,42.4755011
Lawrence University,-88.3989041,44.2611716
Le Moyne College,-76.0855042,43.0497018
Le Moyne-Owen College,-90.0344386,35.1180562
Lebanon Valley College,-76.51507959999999,40.3337415
Lee University,-84.8693485,35.1659845
Lehigh University,-75.37828320000001,40.6069087
Lenoir-Rhyne University,-81.3262158,35.7414291
Lesley University,-71.11748639999999,42.3810755
LeTourneau University,-94.7266322,32.4658392
Lewis & Clark College,-122.670312,45.44909490000001
Lewis University,-88.0804639,41.6048148
Lewis-Clark State College,-117.0263456,46.4114256
Liberty University,-79.1769529,37.3530446
Limestone College,-81.6498909,35.0556533
Lincoln Memorial University,-83.66076009999999,36.576972
Lincoln University of Pennsylvania,-75.9273377,39.807212
Lindenwood University,-90.5015042,38.7863879
Linfield College-McMinnville Campus,-123.199224,45.20060600000001
Lipscomb University,-86.79999,36.105632
LIU Brooklyn,-73.9805083,40.6908489
LIU Post,-73.5900738,40.8172349
Livingstone College,-80.484675,35.671441
Lock Haven University,-77.4621475,41.1423205
Longwood University,-78.3961973,37.29717979999999
Loras College,-90.68106069999999,42.5030898
Louisiana College,-92.42666009999999,31.3252793
Louisiana State University and Agricultural & Mechanical College,-91.1800023,30.4132579
Louisiana State University-Alexandria,-92.41433669999999,31.178112
Louisiana State University-Shreveport,-93.7042912,32.4285844
Louisiana Tech University,-92.6481104,32.5263753
Lourdes University,-83.70723860000001,41.7102371
Loyola Marymount University,-118.4165979,33.9702454
Loyola University Chicago,-87.65825919999999,41.9989483
Loyola University Maryland,-76.6197116,39.3465167
Loyola University New Orleans,-90.12088179999999,29.93477949999999
Lubbock Christian University,-101.9347637,33.5733111
Luther College,-91.8062533,43.311063
Lycoming College,-77.000181,41.24601800000001
Lynchburg College,-79.183153,37.4006
Lyndon State College,-72.025198,44.5355567
Lynn University,-80.1249514,26.3842258
Macalester College,-93.16904339999999,44.9378927
Madonna University,-83.4062995,42.3857893
Malone University,-81.3783011,40.8269448
Manchester University,-85.76043,41.0112128
Manhattan College,-73.90106229999999,40.8899623
Manhattanville College,-73.7126803,41.0304301
Mansfield University of Pennsylvania,-77.07042799999999,41.8047541
Marian University,-86.20315389999999,39.8141302
Marietta College,-81.44993509999999,39.41665649999999
Marist College,-73.9341204,41.7224565
Marquette University,-87.93044549999999,43.038473
Mars Hill University,-82.55204189999999,35.8265111
Marshall University,-82.4263138,38.4235332
Mary Baldwin College,-79.069256,38.15387
Marygrove College,-83.15517690000001,42.4168768
Maryland Institute College of Art,-76.62163389999999,39.307555
Marymount Manhattan College,-73.9597198,40.76874189999999
Marymount University,-77.128824,38.9055514
Maryville College,-83.96416339999999,35.7514166
Maryville University of Saint Louis,-90.504679,38.644986
Marywood University,-75.6324234,41.43513189999999
Massachusetts College of Art and Design,-71.09964769999999,42.3364749
Massachusetts College of Liberal Arts,-73.1033372,42.691554
Massachusetts Institute of Technology,-71.09416,42.360091
Massachusetts Maritime Academy,-70.6239579,41.7401719
McDaniel College,-77.00371919999999,39.5829905
McKendree University,-89.81443440000001,38.60841610000001
McMurry University,-99.749702,32.43038
McNeese State University,-93.21562899999999,30.17836569999999
MCPHS University,-71.10165409999999,42.3366034
Medaille College,-78.8559545,42.928608
Mercer University,-83.64977689999999,32.8288186
Mercy College,-73.87453909999999,41.0221144
Mercyhurst University,-80.05365929999999,42.10507030000001
Meredith College,-78.68848229999999,35.7989768
Merrimack College,-71.12257050000001,42.6677049
Messiah College,-76.9882272,40.1579079
Methodist University,-78.8682792,35.1314591
Metropolitan State University,-93.07436340000001,44.9575497
Metropolitan State University of Denver,-105.0062192,39.7431133
Miami University-Oxford,-84.73087679999999,39.5105334
Michigan Jewish Institute,-83.23932820000002,42.4591785
Michigan State University,-84.4821719,42.701848
Michigan Technological University,-88.54602179999999,47.11677479999999
MidAmerica Nazarene University,-94.7823676,38.8760668
Middle Georgia State College,-83.7328869,32.8105025
Middle Tennessee State University,-86.3648813,35.8486105
Middlebury College,-73.17726019999999,44.0082847
Midland University,-96.4897867,41.43751200000001
Midway College,-84.6772838,38.1445736
Midwestern State University,-98.5210165,33.8743726
Millersville University of Pennsylvania,-76.3527392,39.9987943
Millikin University,-88.9747348,39.843079
Milwaukee School of Engineering,-87.9084479,43.0440495
Minnesota State University-Mankato,-93.99948610000001,44.1458114
Minnesota State University-Moorhead,-96.76101910000001,46.8671955
Minot State University,-101.3010949,48.2476808
Misericordia University,-75.9707268,41.345197
Mississippi College,-90.33174,32.3381241
Mississippi State University,-88.79437659999999,33.4551742
Mississippi University for Women,-88.4187196,33.4947079
Mississippi Valley State University,-90.3416715,33.5126982
Missouri Baptist University,-90.46325680000001,38.6415281
Missouri Southern State University,-94.4606913,37.0958999
Missouri State University-Springfield,-93.2806806,37.2005546
Missouri University of Science and Technology,-91.7756271,37.9537078
Missouri Valley College,-93.19042960000002,39.10714240000001
Molloy College,-73.6263933,40.6859799
Monmouth College,-90.6386297,40.9135265
Monmouth University,-74.0058114,40.2804557
Montana State University,-111.048817,45.666695
Montana State University-Northern,-109.6880953,48.5408648
Montana Tech of the University of Montana,-112.557698,46.0123464
Montclair State University,-74.19780879999999,40.8622558
Moody Bible Institute,-87.6329598,41.8974099
Moravian College,-75.38135179999999,40.6310336
Morehead State University,-83.4315122,38.1886162
Morehouse College,-84.4155845,33.7474168
Morgan State University,-76.5843847,39.3437959
Morningside College,-96.3585355,42.4733866
Mount Holyoke College,-72.5761394,42.2532535
Mount Ida College,-71.193448,42.294262
Mount Mercy University,-91.6522379,42.0027013
Mount Olive College,-78.0711372,35.2082274
Mount Saint Mary College,-74.0124836,41.5130521
Mount St Mary's College,-77.3490013,39.6807058
Mount St Mary's University,-77.3490013,39.6807058
Mount Vernon Nazarene University,-82.47025219999999,40.3740929
Muhlenberg College,-75.5101316,40.597544
Murray State University,-88.3214979,36.6163842
Muskingum University,-81.7378895,39.9996605
National Louis University,-87.6252047,41.8796299
Nazareth College,-77.520027,43.1030175
Nebraska Wesleyan University,-96.64759649999999,40.838785
Neumann University,-75.44025859999999,39.8758871
Nevada State College,-114.9386542,35.98330869999999
New England College,-71.8226523,43.177062
New Jersey City University,-74.08765629999999,40.70966200000001
New Jersey Institute of Technology,-74.1793409,40.7423345
New Mexico Institute of Mining and Technology,-106.905611,34.065993
New Mexico State University-Main Campus,-106.7479059,32.2787745
New York Institute of Technology,-73.9825863,40.7696926
New York University,-73.9964609,40.72951339999999
Newberry College,-81.6219227,34.2861075
Newman University,-97.37774399999999,37.673508
Niagara University,-79.0349955,43.1369816
Nicholls State University,-90.8028602,29.7907423
Nichols College,-71.93086509999999,42.04486199999999
Norfolk State University,-76.262085,36.8480161
North Carolina A & T State University,-79.77292419999999,36.0806927
North Carolina Central University,-78.8981013,35.974737
North Carolina State University at Raleigh,-78.6820946,35.7846633
North Carolina Wesleyan College,-77.77421850000002,36.0186234
North Central College,-88.14340709999999,41.772834
North Central University,-93.2613429,44.9693757
North Dakota State University-Main Campus,-96.8031712,46.8962434
North Greenville University,-82.37324219999999,35.0658084
North Park University,-87.71060779999999,41.9747121
Northeastern Illinois University,-87.7182002,41.9805024
Northeastern State University,-94.965904,35.921141
Northeastern University,-71.0891717,42.3398067
Northern Arizona University,-111.654093,35.1876457
Northern Illinois University,-88.774069,41.934233
Northern Kentucky University,-84.4625345,39.0312035
Northern Michigan University,-87.4044868,46.55960320000001
Northern State University,-98.4844923,45.4510995
Northwest Missouri State University,-94.8825243,40.3519854
Northwest Nazarene University,-116.5666261,43.56124310000001
Northwest University,-122.1924837,47.6576921
Northwestern College,-96.0582598,42.9979484
Northwestern Oklahoma State University,-98.66823430000001,36.79511919999999
Northwestern State University of Louisiana,-93.0977934,31.7487611
Northwestern University,-87.67526699999999,42.0564594
Northwood University-Michigan,-84.2744061,43.6301146
Norwich University,-72.6612317,44.13900539999999
Notre Dame College,-81.5154956,41.5068579
Notre Dame de Namur University,-122.28487,37.517299
Notre Dame of Maryland University,-76.6211024,39.3524107
Nova Southeastern University,-80.2453353,26.0800444
Nyack College,-74.0156969,40.7056392
Oakland University,-83.2081632,42.6679486
Oakwood University,-86.6558345,34.7517708
Oberlin College,-82.22108899999999,41.2958696
Occidental College,-118.2104781,34.1273616
Oglethorpe University,-84.3346954,33.8761957
Ohio Christian University,-82.905604,39.612177
Ohio Dominican University,-82.9410043,39.9936875
Ohio Northern University,-83.83250559999999,40.766263
Ohio State University-Main Campus,-83.03091429999999,40.0141905
Ohio University-Main Campus,-82.10138889999999,39.324358
Ohio Wesleyan University,-83.0679916,40.2962536
Oklahoma Baptist University,-96.9328029,35.3605638
Oklahoma Christian University,-97.4693545,35.6124423
Oklahoma City University,-97.5410682,35.4955747
Oklahoma Panhandle State University,-101.639955,36.593193
Oklahoma State University-Main Campus,-97.07372219999999,36.1270236
Oklahoma Wesleyan University,-95.9562753,36.7176443
Old Dominion University,-76.3058786,36.8853217
Olivet College,-84.9248939,42.4431108
Olivet Nazarene University,-87.8723694,41.1549071
Oral Roberts University,-95.9516891,36.0513147
Oregon Institute of Technology,-121.7836222,42.2586823
Oregon State University,-123.2794443,44.5637806
Otis College of Art and Design,-118.4174056,33.9563229
Otterbein University,-82.9371852,40.1268746
Ouachita Baptist University,-93.05225809999999,34.1305096
Our Lady of the Lake University,-98.5433654,29.4264099
Pace University-New York,-74.00485669999999,40.7111197
Pacific Lutheran University,-122.4440668,47.1453532
Pacific Union College,-122.4394834,38.5698777
Pacific University,-123.1096408,45.52090279999999
Palm Beach Atlantic University,-80.0504326,26.7047472
Park University,-94.6772599,39.19082179999999
Pennsylvania State University-Main Campus,-77.8627439,40.796466
Pennsylvania State University-Penn State Abington,-75.10899169999999,40.116862
Pennsylvania State University-Penn State Altoona,-78.4105926,40.5410764
Pennsylvania State University-Penn State Berks,-75.97614899999999,40.359947
Pennsylvania State University-Penn State Brandywine,-75.4470628,39.9263837
Pennsylvania State University-Penn State Erie-Behrend College,-79.98371399999999,42.119308
Pennsylvania State University-Penn State Harrisburg,-76.74168,40.204082
Pennsylvania State University-Penn State Worthington Scranton,-77.8415959,40.8327211
Pepperdine University,-118.7095814,34.0414045
Philadelphia University,-75.1922881,40.0187208
Piedmont College,-83.5419975,34.5665363
Pittsburg State University,-94.6915709,37.3902857
Pitzer College,-117.7038664,34.1036159
Plymouth State University,-71.68825430000001,43.7595034
Point Loma Nazarene University,-117.250694,32.716863
Point Park University,-80.0012691,40.43850279999999
Point University,-85.18488339999999,32.8791277
Polytechnic Institute of New York University,-73.98657899999999,40.6942036
Pomona College,-117.711803,34.0977429
Pontifical Catholic University of Puerto Rico-Mayaguez,-67.1454012,18.1817863
Pontifical Catholic University of Puerto Rico-Ponce,-66.6183898,18.0001955
Portland State University,-122.6833424,45.5111102
Prairie View A & M University,-95.98989639999999,30.0939175
Pratt Institute-Main,-73.962537,40.6912807
Presbyterian College,-81.87755899999999,34.465182
Princeton University,-74.6514481,40.3439888
Providence College,-71.4381653,41.8440925
Purdue University-Calumet Campus,-87.4735602,41.5808528
Purdue University-Main Campus,-86.92119459999999,40.4237054
Purdue University-North Central Campus,-86.8937826,41.5843015
Queens University of Charlotte,-80.83279,35.1885164
Quincy University,-91.38543870000001,39.9405844
Quinnipiac University,-72.8926883,41.4191748
Radford University,-80.5506221,37.1382689
Ramapo College of New Jersey,-74.1758157,41.0819323
Randolph-Macon College,-77.4783518,37.7603794
Reed College,-122.630804,45.4816194
Regent University,-76.1929926,36.800573
Regis College,-71.3076196,42.3502721
Regis University,-105.0310904,39.7895786
Reinhardt University,-84.55053079999999,34.3209328
Rensselaer Polytechnic Institute,-73.67880300000002,42.730172
Rhode Island College,-71.461204,41.84220699999999
Rhode Island School of Design,-71.40749199999999,41.826111
Rhodes College,-89.9889893,35.1556997
Rice University,-95.40183119999999,29.7173941
Rider University,-74.738187,40.279623
Ringling College of Art and Design,-82.5476801,27.3602556
Rivier University,-71.4542671,42.7391326
Roanoke College,-80.05492699999999,37.294248
Robert Morris University,-80.2119216,40.5215511
Robert Morris University Illinois,-87.6271989,41.8763772
Roberts Wesleyan College,-77.798531,43.12574
Rochester Institute of Technology,-77.67434449999999,43.0845894
Rockhurst University,-94.57155449999999,39.03092669999999
Roger Williams University,-71.2594597,41.6510618
Rogers State University,-95.64063519999999,36.3182518
Rollins College,-81.348326,28.592242
Roosevelt University,-87.6251169,41.8763427
Rose-Hulman Institute of Technology,-87.3240403,39.4828386
Rowan University,-75.1189478,39.7098595
Rutgers University-Camden,-75.12193959999999,39.9485245
Rutgers University-New Brunswick,-74.44739910000001,40.5008186
Rutgers University-Newark,-74.17320090000001,40.7410553
Sacred Heart University,-73.2433003,41.2203902
Saginaw Valley State University,-83.9623559,43.5142733
Saint Ambrose University,-90.58076109999999,41.5404254
Saint Anselm College,-71.5072307,42.9874723
Saint Augustine's University,-78.6188766,35.7876962
Saint Cloud State University,-94.1515137,45.55118640000001
Saint Edward's University,-97.7538582,30.2297224
Saint Francis University,-78.6376191,40.50382
Saint John Fisher College,-77.511511,43.115372
Saint Johns University,-73.79421119999999,40.7220627
Saint Josephs College,-73.9677729,40.690509
Saint Joseph's College of Maine,-70.4828684,43.8267427
Saint Joseph's College-New York,-73.9677729,40.690509
Saint Joseph's University,-75.23993279999999,39.9951217
Saint Leo University,-82.2575928,28.3385615
Saint Louis University,-90.23382319999999,38.6354598
Saint Martin's University,-122.8154094,47.0407318
Saint Mary's College,-122.1098786,37.8416252
Saint Mary's College of California,-122.1098786,37.8416252
Saint Mary's University of Minnesota,-91.69592109999999,44.0447762
Saint Michael's College,-73.1645995,44.4959022
Saint Norbert College,-88.06630299999999,44.444875
Saint Peter's University,-74.0715029,40.7272231
Saint Vincent College,-79.40036529999999,40.2914205
Saint Xavier University,-87.7160311,41.7067521
Salem State University,-70.890682,42.503103
Salisbury University,-75.60469680000001,38.345073
Salve Regina University,-71.3006438,41.47145270000001
Sam Houston State University,-95.5503566,30.7131978
Samford University,-86.79363099999999,33.4647494
San Diego State University,-117.0718893,32.77572170000001
San Francisco State University,-122.4782094,37.721897
San Jose State University,-121.8810715,37.3351874
Santa Clara University,-121.9389875,37.3496418
Sarah Lawrence College,-73.8433974,40.9360524
Savannah College of Art and Design,-81.0937893,32.0692628
Savannah State University,-81.0626367,32.0245213
School of the Art Institute of Chicago,-87.6245941,41.8804189
Schreiner University,-99.12905939999999,30.0315591
Seattle Pacific University,-122.3615366,47.6495805
Seattle University,-122.3173119,47.6091799
Seton Hall University,-74.24649409999999,40.7425521
Seton Hill University,-79.5559138,40.3089647
Sewanee-The University of the South,-85.9176605,35.20518
Shaw University,-78.6379764,35.7710445
Shenandoah University,-78.1583388,39.1660159
Shepherd University,-77.8088216,39.4362419
Shippensburg University of Pennsylvania,-77.5234365,40.0603939
Shorter University,-85.193711,34.2594732
Siena College,-73.7523365,42.716635
Siena Heights University,-84.0175653,41.9057124
Simmons College,-71.0999358,42.3393661
Simpson College,-93.56362600000001,41.364988
Simpson University,-122.3320769,40.6147437
Skidmore College,-73.782673,43.099227
Slippery Rock University of Pennsylvania,-80.0411535,41.06297259999999
Smith College,-72.6372341,42.31809570000001
Sonoma State University,-122.6748358,38.33860809999999
South Carolina State University,-80.85014919999999,33.4983441
South Dakota School of Mines and Technology,-103.205931,44.074166
South Dakota State University,-96.783968,44.3189457
Southeast Missouri State University,-89.52804379999999,37.3148783
Southeastern Louisiana University,-90.4688572,30.5173159
Southeastern Oklahoma State University,-96.3781707,34.0056034
Southeastern University,-81.9179961,28.0301306
Southern Adventist University,-85.0509053,35.0485718
Southern Arkansas University Main Campus,-93.2329419,33.2930971
Southern Connecticut State University,-72.947462,41.332566
Southern Illinois University-Carbondale,-89.2225941,37.7100209
Southern Illinois University-Edwardsville,-89.995654,38.793103
Southern Methodist University,-96.78451749999999,32.8412178
Southern New Hampshire University,-71.4531836,43.0407729
Southern Oregon University,-122.6959071,42.1859996
Southern Polytechnic State University,-84.51993270000001,33.9384176
Southern University and A & M College,-91.1935768,30.5267645
Southern University at New Orleans,-90.0449055,30.0259133
Southern Utah University,-113.071332,37.676444
Southern Wesleyan University,-82.76513779999999,34.7279866
Southwest Baptist University,-93.411084,37.6007738
Southwest Minnesota State University,-95.75977300000001,44.4560884
Southwestern Assemblies of God University,-96.85294359999999,32.4064143
Southwestern College,-116.998081,32.640685
Southwestern Oklahoma State University,-98.70775239999999,35.5350138
Southwestern University,-97.6625885,30.6367076
Spalding University,-85.75741959999999,38.2414273
Spelman College,-84.41229340000001,33.7463597
Spring Arbor University,-84.5563208,42.2078734
Spring Hill College,-88.13573439999999,30.6919256
Springfield College,-72.5565631,42.1022292
St Bonaventure University,-78.48288219999999,42.0784113
St Catherine University,-93.182822,44.925308
St Francis College,-73.992165,40.69323
St John's University-New York,-73.79421119999999,40.7220627
St Lawrence University,-75.1608814,44.5892119
St Mary's College of Maryland,-76.42903129999999,38.1909255
St Mary's University,-98.5640981,29.4523378
St Olaf College,-93.1826784,44.4616634
St Thomas Aquinas College,-73.93584419999999,41.041757
St Thomas University,-93.1895301,44.9429805
Stanford University,-122.169719,37.4274745
State University of New York at New Paltz,-74.0851655,41.7390054
Stephen F Austin State University,-94.6462581,31.6219236
Stetson University,-81.3032406,29.0349641
Stevens Institute of Technology,-74.02564819999999,40.7448183
Stevenson University,-76.70129759999999,39.4216638
Stonehill College,-71.0806276,42.0590153
Stony Brook University,-73.1233889,40.9123761
Suffolk University,-71.0613561,42.3585205
Sul Ross State University,-103.6497628,30.3636948
SUNY at Albany,-73.8247903,42.6850273
SUNY at Binghamton,-75.9697049,42.0893553
SUNY at Fredonia,-79.34036329999999,42.4538665
SUNY at Purchase College,-73.7004189,41.0470389
SUNY College at Brockport,-77.9507327,43.210018
SUNY College at Cortland,-76.187797,42.599001
SUNY College at Geneseo,-77.8237029,42.796092
SUNY College at Old Westbury,-73.5802293,40.7824394
SUNY College at Oswego,-76.5443166,43.4514291
SUNY College at Plattsburgh,-73.466962,44.69254300000001
SUNY College at Potsdam,-74.9761059,44.6643102
SUNY College of Environmental Science and Forestry,-76.1369148,43.0344612
SUNY Empire State College,-73.5781958,40.7803909
SUNY Institute of Technology at Utica-Rome,-75.22976919999999,43.1351363
SUNY Maritime College,-73.8011369,40.8091766
SUNY Oneonta,-75.0635578,42.4710197
Susquehanna University,-76.8744803,40.7973267
Swarthmore College,-75.3523171,39.9040349
Syracuse University,-76.1351158,43.0391534
Tarleton State University,-98.2159537,32.2160426
Taylor University,-85.49762419999999,40.4568032
Temple University,-75.1553512,39.9811935
Tennessee Technological University,-85.5086374,36.1757592
Tennessee Wesleyan College,-84.594427,35.445317
Texas A & M International University,-99.4349786,27.5714802
Texas A & M University-College Station,-96.33649899999999,30.618531
Texas A & M University-Commerce,-95.91041489999999,33.2406645
Texas A & M University-Corpus Christi,-97.32414329999999,27.7127448
Texas A & M University-Kingsville,-97.88248209999999,27.5251036
Texas Christian University,-97.3635602,32.7095936
Texas Lutheran University,-97.98490029999999,29.5728134
Texas Southern University,-95.3606121,29.7217625
Texas State University,-97.938351,29.888411
Texas Tech University,-101.8782822,33.5842591
Texas Wesleyan University,-97.28020699999999,32.7323764
Texas Woman's University,-97.1271034,33.2262879
The College of Idaho,-116.6768761,43.653597
The College of New Jersey,-74.7778624,40.2683078
The College of New Rochelle,-73.7811969,40.9016643
The College of Saint Rose,-73.78566529999999,42.6640994
The College of Saint Scholastica,-92.10637000000001,46.816322
The College of Wooster,-81.9372838,40.8114268
The Evergreen State College,-122.9770785,47.0729029
The Master's College and Seminary,-118.519341,34.38247
The New School,-73.99750829999999,40.7352563
The Richard Stockton College of New Jersey,-74.53097749999999,39.4919685
The Sage Colleges,-73.69383479999999,42.728267
The University of Alabama,-87.5391418,33.2140233
The University of Findlay,-83.6547373,41.054643
The University of Montana,-113.9852081,46.8600672
The University of Tampa,-82.4670028,27.9468036
The University of Tennessee-Chattanooga,-85.2952662,35.0459219
The University of Tennessee-Knoxville,-83.92945639999999,35.9544013
The University of Tennessee-Martin,-88.8643812,36.3435415
The University of Texas at Arlington,-97.1140116,32.7298718
The University of Texas at Austin,-97.7340567,30.2849185
The University of Texas at Dallas,-96.7500993,32.9857619
The University of Texas at El Paso,-106.5046405,31.7709368
The University of Texas at San Antonio,-98.61972,29.5829699
The University of Texas at Tyler,-95.25437199999999,32.3157674
The University of Texas of the Permian Basin,-102.3230046,31.8876067
The University of Texas-Pan American,-98.17501229999999,26.3069621
The University of the Arts,-75.165566,39.945974
The University of Virginia's College at Wise,-82.560716,36.970591
The University of West Florida,-87.216141,30.5474687
Thiel College,-80.383918,41.411974
Thomas More College,-84.5680762,39.0216667
Tiffin University,-83.1844686,41.1185912
Touro College,-73.99587919999999,40.7505503
Towson University,-76.61263919999999,39.3925121
Transylvania University,-84.4936508,38.053147
Trevecca Nazarene University,-86.7528755,36.1428629
Trine University,-85.01347229999999,41.63133
Trinity Christian College,-87.7841447,41.66861859999999
Trinity College,-72.69033449999999,41.7479332
Trinity University,-98.4831622,29.4618444
Trinity Washington University,-77.0049153,38.9275815
Troy University,-85.9572283,31.8018895
Truman State University,-92.58086449999999,40.18656319999999
Tufts University,-71.1190232,42.4074843
Tulane University of Louisiana,-90.12072789999999,29.9403477
Tusculum College,-82.7608814,36.1724335
Tuskegee University,-85.7072853,32.430678
Union College,-73.9295987,42.81771250000001
Union University,-88.85959059999999,35.6773778
Universidad Adventista de las Antillas,-67.1127379,18.2059678
Universidad del Sagrado Corazon,-66.0596424,18.4396174
Universidad Politecnica de Puerto Rico,-66.0559139,18.4223343
University at Buffalo,-78.7889697,43.0008093
University of Akron Main Campus,-81.5113386,41.076655
University of Alabama at Birmingham,-86.8064447,33.5021227
University of Alabama in Huntsville,-86.639783,34.7251471
University of Arizona,-110.9501094,32.2318851
University of Arkansas,-94.17365509999999,36.0678324
University of Arkansas at Little Rock,-92.3388872,34.7240568
University of Arkansas at Pine Bluff,-92.0213392,34.2468716
University of Arkansas-Fort Smith,-94.3738577,35.3821461
University of Baltimore,-76.61736189999999,39.3059585
University of Bridgeport,-73.1913146,41.1649387
University of California-Berkeley,-122.2585399,37.8718992
University of California-Davis,-121.7617125,38.5382322
University of California-Irvine,-117.8442962,33.6404952
University of California-Los Angeles,-118.4451811,34.068921
University of California-Merced,-120.4254615,37.3641651
University of California-Riverside,-117.3280644,33.9737055
University of California-San Diego,-117.2340135,32.8800604
University of California-Santa Barbara,-119.848947,34.4139629
University of California-Santa Cruz,-122.0582093,36.9880503
University of Central Arkansas,-92.4579383,35.0780913
University of Central Florida,-81.2000599,28.6024274
University of Central Missouri,-93.73837239999999,38.7580823
University of Central Oklahoma,-97.4715226,35.6577749
University of Charleston,-81.6165232,38.3328289
University of Chicago,-87.5987133,41.7886079
University of Cincinnati-Main Campus,-84.51495039999999,39.1329219
University of Colorado Boulder,-105.2659417,40.00758099999999
University of Colorado Colorado Springs,-104.8049528,38.8968312
University of Colorado Denver,-105.002342,39.7463596
University of Connecticut,-72.2539805,41.8077414
University of Connecticut-Stamford,-73.5422815,41.0559925
University of Connecticut-Tri-Campus,-73.0385898,41.5556838
University of Dallas,-96.9216857,32.8481339
University of Dayton,-84.17996749999999,39.7393
University of Delaware,-75.7506114,39.6779504
University of Denver,-104.9618965,39.6766174
University of Detroit Mercy,-83.1379029,42.414062
University of Dubuque,-90.6956357,42.4952453
University of Evansville,-87.53170639999999,37.9721221
University of Florida,-82.3549302,29.6436325
University of Georgia,-83.3773221,33.9480053
University of Great Falls,-111.2707539,47.4906921
University of Hartford,-72.7140002,41.7985989
University of Hawaii at Hilo,-155.0814688,19.701015
University of Hawaii at Manoa,-157.8171118,21.296939
University of Hawaii-West Oahu,-158.056065,21.355188
University of Houston,-95.3422334,29.7199489
University of Houston-Downtown,-95.3594712,29.7665224
University of Idaho,-117.0126084,46.7288124
University of Illinois at Chicago,-87.6496336,41.8697938
University of Illinois at Springfield,-89.61765400000002,39.7290207
University of Illinois at Urbana-Champaign,-88.2271615,40.1019523
University of Indianapolis,-86.1351076,39.709739
University of Iowa,-91.5548998,41.6626963
University of Kansas,-95.2557961,38.9543439
University of Kentucky,-84.5039697,38.0306511
University of La Verne,-117.77189,34.1004151
University of Louisiana at Lafayette,-92.0204121,30.2114404
University of Louisiana at Monroe,-92.073415,32.528282
University of Louisville,-85.75850229999999,38.2122761
University of Maine,-68.6666508,44.9012197
University of Maine at Farmington,-70.1481254,44.6679585
University of Mary,-100.7530832,46.7219247
University of Mary Hardin-Baylor,-97.46668179999999,31.0701756
University of Mary Washington,-77.47447,38.3013039
University of Maryland Eastern Shore,-75.6848002,38.2102166
University of Maryland-Baltimore County,-76.7109674,39.2556759
University of Maryland-College Park,-76.9425543,38.9869183
University of Massachusetts-Amherst,-72.5267121,42.3911569
University of Massachusetts-Boston,-71.0375853,42.3149047
University of Massachusetts-Dartmouth,-71.0061561,41.6292932
University of Massachusetts-Lowell,-71.3247164,42.6552587
University of Memphis,-89.937141,35.118741
University of Miami,-80.2771253,25.7191685
University of Michigan-Ann Arbor,-83.7382241,42.2780436
University of Michigan-Dearborn,-83.23320199999999,42.3184088
University of Michigan-Flint,-83.6894611,43.0194791
University of Minnesota-Crookston,-96.6072394,47.7998548
University of Minnesota-Duluth,-92.0835669,46.8186613
University of Minnesota-Morris,-95.8969661,45.58903170000001
University of Minnesota-Twin Cities,-93.2330739,44.9753541
University of Mississippi,-89.538443,34.3647324
University of Missouri-Columbia,-92.32773750000001,38.9403808
University of Missouri-Kansas City,-94.57602589999999,39.0335539
University of Missouri-St Louis,-90.30828,38.7092401
University of Mobile,-88.1322905,30.7942761
University of Montevallo,-86.86541679999999,33.1067187
University of Mount Union,-81.1100005,40.9045455
University of Nebraska at Kearney,-99.1014292,40.7011879
University of Nebraska at Omaha,-96.01071209999999,41.2581216
University of Nebraska-Lincoln,-96.70047629999999,40.8201966
University of Nevada-Las Vegas,-115.1431709,36.1085197
University of Nevada-Reno,-119.816397,39.5441917
University of New England,-70.3865402,43.4582904
University of New Hampshire-Main Campus,-70.9370252,43.138948
University of New Haven,-72.9616437,41.2907035
University of New Mexico-Main Campus,-106.6197812,35.0843187
University of New Orleans,-90.0660365,30.0285959
University of North Alabama,-87.6811676,34.8074555
University of North Carolina at Asheville,-82.5673128,35.616292
University of North Carolina at Chapel Hill,-79.0469134,35.9049122
University of North Carolina at Charlotte,-80.735164,35.3070929
University of North Carolina at Greensboro,-79.8101975,36.0689296
University of North Carolina at Pembroke,-79.2005721,34.6898838
University of North Carolina Wilmington,-77.8701325,34.2239869
University of North Dakota,-97.0768014,47.922891
University of North Florida,-81.50723140000001,30.2661204
University of North Georgia,-83.9844416,34.5278618
University of North Texas,-97.1525862,33.207488
University of Northern Colorado,-104.6962127,40.4054763
University of Northern Iowa,-92.4620034,42.5133893
University of Northwestern-St Paul,-93.168573,45.031563
University of Notre Dame,-86.2353388,41.7055716
University of Oklahoma-Norman Campus,-97.4457137,35.2058936
University of Oregon,-123.0726055,44.0448302
University of Pennsylvania,-75.1932137,39.9522188
University of Pikeville,-82.5209983,37.4791788
University of Pittsburgh-Bradford,-78.6729991,41.9440303
University of Pittsburgh-Greensburg,-79.5316253,40.2765907
University of Pittsburgh-Johnstown,-78.83568199999999,40.267516
University of Pittsburgh-Pittsburgh Campus,-79.9563426,40.4415234
University of Portland,-122.7275712,45.5732046
University of Puerto Rico-Aguadilla,-67.1370261,18.4989787
University of Puerto Rico-Arecibo,-66.7404564,18.4680427
University of Puerto Rico-Bayamon,-66.1437571,18.3705811
University of Puerto Rico-Carolina,-65.9901648,18.3924964
University of Puerto Rico-Cayey,-66.1616042,18.1176554
University of Puerto Rico-Humacao,-65.837486,18.1470224
University of Puerto Rico-Mayaguez,-67.14090250000001,18.2108895
University of Puerto Rico-Ponce,-66.6071892,17.9927746
University of Puerto Rico-Rio Piedras,-66.05004070000001,18.4028091
University of Puget Sound,-122.481455,47.261764
University of Redlands,-117.1638403,34.0639966
University of Rhode Island,-71.5308537,41.4860647
University of Richmond,-77.5409744,37.5758681
University of Rochester,-77.6260033,43.1305531
University of Saint Francis-Fort Wayne,-85.17420969999999,41.0865604
University of San Diego,-117.188213,32.7719191
University of San Francisco,-122.4506413,37.7765141
University of Scranton,-75.656958,41.4056065
University of Sioux Falls,-96.7390169,43.5321764
University of South Alabama,-88.184236,30.6959406
University of South Carolina-Aiken,-81.77107749999999,33.57299
University of South Carolina-Beaufort,-80.9735548,32.3032706
University of South Carolina-Columbia,-81.0274276,33.996112
University of South Carolina-Upstate,-81.97127189999999,34.9992469
University of South Dakota,-96.92533809999999,42.7883015
University of South Florida-Main Campus,-82.41385389999999,28.0587031
University of South Florida-St Petersburg,-82.63555889999999,27.763644
University of Southern California,-118.285117,34.0223519
University of Southern Indiana,-87.67469380000001,37.9582437
University of Southern Maine,-70.2756936,43.6622484
University of Southern Mississippi,-89.3340423,31.3300115
University of St Francis,-88.0970978,41.5333799
University of St Thomas,-93.1895301,44.9429805
University of the Cumberlands,-84.1638243,36.7371496
University of the Incarnate Word,-98.4676217,29.4675939
University of the Pacific,-121.3120225,37.9808152
University of the Sciences,-75.2070979,39.9468299
University of the Virgin Islands,-64.9728974,18.3432933
University of Toledo,-83.6140701,41.6580307
University of Tulsa,-95.946,36.1519879
University of Utah,-111.8421021,40.7649368
University of Vermont,-73.1964637,44.4778528
University of Virginia-Main Campus,-78.5079772,38.0335529
University of Washington-Bothell Campus,-122.1906495,47.7589
University of Washington-Seattle Campus,-122.3035199,47.65533509999999
University of Washington-Tacoma Campus,-122.4376184,47.24457990000001
University of West Alabama,-88.1869512,32.5971376
University of West Georgia,-85.1028302,33.5735465
University of Wisconsin-Eau Claire,-91.5034191,44.7967459
University of Wisconsin-Green Bay,-87.92171429999999,44.53207339999999
University of Wisconsin-La Crosse,-91.23115159999999,43.8160517
University of Wisconsin-Madison,-89.4124875,43.076592
University of Wisconsin-Milwaukee,-87.8819686,43.078263
University of Wisconsin-Oshkosh,-88.55102149999999,44.0253186
University of Wisconsin-Parkside,-87.8522648,42.6439962
University of Wisconsin-Platteville,-90.48726040000001,42.7323713
University of Wisconsin-River Falls,-92.6206021,44.8526697
University of Wisconsin-Stevens Point,-89.57137759999999,44.5294468
University of Wisconsin-Stout,-91.92669889999999,44.8715765
University of Wisconsin-Superior,-92.0881522,46.7177476
University of Wisconsin-Whitewater,-88.7430845,42.8411986
University of Wyoming,-105.5665744,41.3148754
Upper Iowa University,-91.79960539999999,42.8410176
Ursinus College,-75.4558588,40.1915099
Utah State University,-111.8097425,41.745161
Utica College,-75.2714604,43.0936618
Valdosta State University,-83.2892064,30.8489491
Valparaiso University,-87.04238099999999,41.463273
Vanderbilt University,-86.8026551,36.1447034
Vanguard University of Southern California,-117.9016912,33.6618632
Vassar College,-73.8957002,41.6867992
Villanova University,-75.34358,40.037056
Virginia Commonwealth University,-77.4509716,37.5495049
Virginia Military Institute,-79.435352,37.79151
Virginia Polytechnic Institute and State University,-80.42341669999999,37.22838429999999
Virginia State University,-77.41987209999999,37.2384613
Virginia Union University,-77.4514696,37.5625916
Virginia Wesleyan College,-76.1866644,36.8674624
Viterbo University,-91.2451134,43.8022454
Wagner College,-74.0944049,40.6149796
Wake Forest University,-80.2778951,36.1340985
Walla Walla University,-118.3913913,46.0464568
Walsh University,-81.3691587,40.8734812
Warner University,-81.599965,27.826324
Wartburg College,-92.4821589,42.7285775
Washington & Jefferson College,-80.238725,40.170436
Washington and Lee University,-79.4449563,37.7904861
Washington College,-76.0692262,39.2180241
Washington State University,-117.1542121,46.7319225
Washington University in St Louis,-90.31079620000001,38.6487895
Wayland Baptist University,-101.7294258,34.1871451
Wayne State University,-83.06654619999999,42.3591388
Waynesburg University,-80.1866266,39.8992112
Webster University,-90.34376669999999,38.5892883
Wellesley College,-71.3059277,42.2935733
Wentworth Institute of Technology,-71.09540179999999,42.3360695
Wesley College,-75.527717,39.163227
Wesleyan University,-72.65690409999999,41.5566104
West Chester University of Pennsylvania,-75.5999933,39.9518653
West Liberty University,-80.600651,40.16390519999999
West Texas A & M University,-101.9160676,34.9815101
West Virginia State University,-81.7665882,38.3789586
West Virginia University,-79.95593579999999,39.6361396
West Virginia University Institute of Technology,-81.1840129,37.7759222
West Virginia Wesleyan College,-80.2196586,38.990005
Western Carolina University,-83.1829254,35.3092494
Western Connecticut State University,-73.4449401,41.4007198
Western Illinois University,-90.685397,40.4726649
Western Kentucky University,-86.456138,36.9853543
Western Michigan University,-85.6102507,42.2837336
Western New England University,-72.5186855,42.1149784
Western Oregon University,-123.2409798,44.8536068
Western State Colorado University,-106.9183423,38.5466336
Western Washington University,-122.4866103,48.7342877
Westfield State University,-72.7941529,42.1318254
Westminster College,-111.8556475,40.73071720000001
Westmont College,-119.6610313,34.4488434
Wheaton College,-88.099622,41.86833
Wheeling Jesuit University,-80.6907928,40.06794439999999
Whitman College,-118.3306351,46.07057990000001
Whittier College,-118.0279609,33.9781019
Whitworth University,-117.4178623,47.75487280000001
Wichita State University,-97.29286929999999,37.7193933
Widener University-Main Campus,-75.35667529999999,39.8633562
Wilkes University,-75.8883633,41.2449585
Willamette University,-123.0299071,44.9355088
William Carey University,-89.2923028,31.3039491
William Jessup University,-121.2924931,38.8204128
William Jewell College,-94.412117,39.2473119
William Paterson University of New Jersey,-74.1981377,40.9460061
William Penn University,-92.64718599999999,41.3087995
William Woods University,-91.949568,38.8624839
Williams College,-73.2036396,42.7129581
Wilmington College,-83.8181626,39.4447895
Wingate University,-80.44449709999999,34.9869013
Winona State University,-91.6432837,44.0473997
Winston-Salem State University,-80.2251168,36.089874
Winthrop University,-81.0321286,34.939393
Wisconsin Lutheran College,-88.02269230000002,43.0367864
Wittenberg University,-83.8139029,39.9365496
Wofford College,-81.9344902,34.9580657
Woodbury University,-118.341446,34.20758
Worcester Polytechnic Institute,-71.8062724,42.2745754
Worcester State University,-71.8441349,42.2679717
Xavier University,-84.4745119,39.1493644
Xavier University of Louisiana,-90.107084,29.963863
Yale University,-72.92234309999999,41.3163244
Yeshiva University,-73.9295149,40.85067249999999
York College Pennsylvania,-76.7281509,39.94674639999999
Young Harris College,-83.84682,34.932492
